file,Mean_time_for_compilation
g.swift,4034.6666666666665
p.swift,2034.6666666666667
s.swift,3034.6666666666665
